dip,AFR,AMR,EAS,EUR,SAS
rs10652284,0.7724,0.4334,0.2812,0.6038,0.1855
rs141511864,0.001468,0.313,0.07324,0.001905,0
rs3029066,0.8715,0.1997,0.1572,0.1867,0.2354
rs3044086,0.9545,0.2224,0.000977,0.2248,0.05371
rs3054132,0.5095,0.3839,0.666,0.7248,0.8389
rs34477782,0.97871,0.6926,0.7773,0.4038,0.5674
rs35991174,0.95521,0.5623,0.97852,0.2857,0.7002
rs3831885,0.9721,0.7805,0.3867,0.8829,0.6328
rs5840834,0.8355,0.6133,0.2627,0.8095,0.749
rs59005026,0.7819,0.789,0.1416,0.819,0.6719
rs59377169,0.4207,0.2875,0.1016,0,0
rs71712626,0.7129,0.0609,0.001,0.0143,0.0059
rs73611618,0.98605,0.4958,0.041,0.7686,0.6943
rs140200174,0.995595,0.7946,0.5566,0.8971,0.4434
rs141160384,0.7195,0.3229,0.4668,0.0581,0.3398
rs141471313,0.997063,0.96742,0.4688,0.990476,0.91211
rs143267128,0.96916,0.8045,0.333,0.97619,0.92578
rs2307840,0.732,0.3654,0.7666,0.0438,0.2822
rs35785693,0.1373,0.2521,0.874,0.1914,0.3828
rs5886296,0.6637,0.4122,0.4834,0.08,0.3838
rs77514652,0.92438,0.3924,0.94238,0.6438,0.7295
rs10573591,0.3649,0.96601,1,0.997143,0.994141
rs138324,0.6094,0.2875,0.8691,0.4905,0.499
rs138600078,0.98238,0.8938,0.90723,0.8381,0.3613
rs140671911,0.9743,0.5609,1,0.6771,0.9375
rs141613931,0.96623,0.7649,0.97168,0.5067,0.8047
rs144945424,0.1167,0.3966,0.5146,0.03619,0.1494
rs146391383,0.5029,0.6941,0.994141,0.5038,0.7168
rs3049219,0.5095,0.3541,0.627,0.1229,0.08887
rs34494833,0.002203,0.09065,0.4375,0,0.0127
rs56968651,0.96256,0.5822,0.7363,0.96,0.8242
rs57406754,0.2291,0.6161,0.4492,0.8486,0.6523
rs59391564,0.3194,0.8952,0.9492,0.8924,0.5645
rs79710335,0.8164,0.2904,0.751,0.4457,0.626
,,,,,
,,,,,
,,,,,
,,,,,
,,,,,
,,,,,
,,,,,
,,,,,
,,,,,
