dip,HAN,JPT,SEAS
rs200216987,0.03922,0,0.15463472
rs77624782,0.039215,0.03431,0.19895976
rs57051438,0.10355,0.0686,0.28245288
rs58151240,0,0.1029,0.005175616
rs5789056,0.0098,0.1127,0.01
rs74778678,0.22795,0.1912,0.107215664
rs58227077,0.2304,0.2108,0.44502704
rs1404627509,0.039215,0.2304,0.036525784
rs140961699,0.014875,0.2337,0.01570382
rs66462883,0.32845,0.2647,0.5572554
rs71377077,0.14215,0.2794,0.30823424
rs72195872,0.74755,0.93137,0.87160072
rs67579111,0.3971,0.1961,0.28252008
rs35880452,0.4804,0.2892,0.32728396
rs74816196,0.58575,0.299,0.67000076
rs10628367,0.39215,0.451,0.18106588
rs10688221,0.74405,0.5294,0.7662444
rs2067285,0.80145,0.6029,0.66740384
rs5780349,0.799,0.6422,0.64407712
rs10661356,0.77205,0.6912,0.54497296
rs10630253,0.7745,0.799,0.92710964
rs5789729,0.7255,0.8333,0.53653872
rs112473811,0.8505,0.93137,0.69924392
rs1342356747,0,0.1277,0.002842474
rs140202531,0.82595,0.6324,0.84536528
rs10600917,0.799,0.6422,0.64407712
rs59218555,0.6201,0.6765,0.37683972
rs141047228,0.94608,0.7598,0.921643416
rs3994057,0.9412,0.7598,0.95053308
rs35450593,0.963235,0.7892,0.97900562
rs141613931,0.995098,0.8676,1
rs879662430,1,0.8725,0.994766001
rs71004215,0.76225,0.8922,0.905481224
rs139517208,0.97059,0.94608,0.864309336
rs59369367,0.892135,0.95588,0.71167544
rs57723031,0.9262,0.97059,0.813039
rs60760749,0.906885,0.97059,0.76419976
rs59605350,0.985293,0.990196,0.8692428
rs71879919,0.987743,1,0.882393856
